{
	"info": {
		"_postman_id": "d6627556-ccf3-4a0e-baf3-e429c64a50b9",
		"name": "clase",
		"schema": "https://schema.getpostman.com/json/collection/v2.1.0/collection.json"
	},
	"item": [
		{
			"name": "Tipo de documento",
			"item": [
				{
					"name": "index",
					"request": {
						"method": "GET",
						"header": [],
						"url": {
							"raw": "http://clase.test/type_document_identifications",
							"protocol": "http",
							"host": [
								"clase",
								"test"
							],
							"path": [
								"type_document_identifications"
							]
						}
					},
					"response": []
				}
			]
		},
		{
			"name": "Periodos",
			"item": [
				{
					"name": "Index",
					"request": {
						"method": "GET",
						"header": []
					},
					"response": []
				}
			]
		},
		{
			"name": "Equipos",
			"item": [
				{
					"name": "index",
					"request": {
						"method": "GET",
						"header": []
					},
					"response": []
				}
			]
		},
		{
			"name": "Empleados",
			"item": [
				{
					"name": "index",
					"request": {
						"method": "GET",
						"header": []
					},
					"response": []
				}
			]
		},
		{
			"name": "Empleado_Period",
			"item": [
				{
					"name": "Index",
					"request": {
						"method": "GET",
						"header": []
					},
					"response": []
				}
			]
		},
		{
			"name": "Indicadores",
			"item": [
				{
					"name": "indicadores",
					"request": {
						"method": "GET",
						"header": []
					},
					"response": []
				}
			]
		},
		{
			"name": "Roles",
			"item": [
				{
					"name": "Index",
					"request": {
						"method": "GET",
						"header": []
					},
					"response": []
				}
			]
		},
		{
			"name": "Tipo de Trabajo",
			"item": [
				{
					"name": "Index",
					"request": {
						"method": "GET",
						"header": []
					},
					"response": []
				}
			]
		}
	]
}